ID,region
598481,California
773072,Colorado
7666762,California
12417136,New York
13427623,Texas
13957518,Texas
67277056,Arizona
67287381,Montana
67288985,Kansas
67296027,California
67296633,Texas
67297072,Louisiana
67297582,Rhode Island
67297737,Utah
67298198,New York
67298478,California
67298529,Georgia
67298681,Massachusetts
67298974,Massachusetts
67306268,Texas
67308352,Arizona
67308648,Wisconsin
67315184,Louisiana
67316554,North Dakota
67316690,Alabama
67317361,Ohio
67318287,California
67318649,Massachusetts
